MapDate,AreaOfInterest,None,D0,D1,D2,D3,D4,ValidStart,ValidEnd,StatisticFormatID
20220201,CONUS,27.79,72.21,55.24,36.52,12.22,1.34,2022-02-01,2022-02-07,1
20220125,CONUS,29.13,70.87,55.20,36.39,12.21,1.32,2022-01-25,2022-01-31,1
20220118,CONUS,29.03,70.97,55.10,36.01,11.29,1.19,2022-01-18,2022-01-24,1
20220111,CONUS,28.18,71.82,54.98,35.34,11.49,1.24,2022-01-11,2022-01-17,1
20220104,CONUS,28.18,71.82,54.81,35.13,12.37,1.55,2022-01-04,2022-01-10,1
20211228,CONUS,26.51,73.49,55.29,36.26,14.01,1.90,2021-12-28,2022-01-03,1
20211221,CONUS,27.58,72.42,55.20,36.71,17.57,3.68,2021-12-21,2021-12-27,1
20211214,CONUS,26.05,73.95,55.14,36.68,17.74,4.55,2021-12-14,2021-12-20,1
20211207,CONUS,28.00,72.00,55.54,37.11,17.84,4.97,2021-12-07,2021-12-13,1
20211130,CONUS,30.95,69.05,53.42,35.11,17.77,5.33,2021-11-30,2021-12-06,1
20211123,CONUS,34.49,65.51,50.53,33.00,17.24,5.33,2021-11-23,2021-11-29,1
20211116,CONUS,36.53,63.47,48.80,32.54,17.17,5.33,2021-11-16,2021-11-22,1
20211109,CONUS,37.05,62.95,48.09,32.60,17.71,5.46,2021-11-09,2021-11-15,1
20211102,CONUS,37.22,62.78,47.81,32.93,17.98,5.74,2021-11-02,2021-11-08,1
20211026,CONUS,35.79,64.21,47.34,33.81,19.08,6.04,2021-10-26,2021-11-01,1
20211019,CONUS,38.32,61.68,46.46,33.64,20.77,6.68,2021-10-19,2021-10-25,1
20211012,CONUS,37.47,62.53,47.32,35.30,22.23,7.02,2021-10-12,2021-10-18,1
20211005,CONUS,37.64,62.36,47.45,36.47,23.09,7.07,2021-10-05,2021-10-11,1
20210928,CONUS,37.35,62.65,47.84,36.60,23.11,7.27,2021-09-28,2021-10-04,1
20210921,CONUS,39.13,60.87,46.56,35.37,22.73,7.22,2021-09-21,2021-09-27,1
20210914,CONUS,41.55,58.45,45.61,35.68,23.77,7.53,2021-09-14,2021-09-20,1
20210907,CONUS,45.14,54.86,45.61,35.71,23.98,7.61,2021-09-07,2021-09-13,1
20210831,CONUS,44.48,55.52,46.63,36.60,24.49,7.92,2021-08-31,2021-09-06,1
20210824,CONUS,44.39,55.61,47.33,38.03,25.64,8.37,2021-08-24,2021-08-30,1
20210817,CONUS,43.72,56.28,47.18,38.47,26.80,9.23,2021-08-17,2021-08-23,1
20210810,CONUS,43.78,56.22,46.82,39.04,26.46,9.06,2021-08-10,2021-08-16,1
20210803,CONUS,45.83,54.17,46.31,39.03,25.99,8.92,2021-08-03,2021-08-09,1
20210727,CONUS,46.46,53.54,46.31,38.39,25.48,8.84,2021-07-27,2021-08-02,1
20210720,CONUS,45.94,54.06,46.34,38.04,25.59,10.00,2021-07-20,2021-07-26,1
20210713,CONUS,44.22,55.78,46.45,37.08,24.17,9.88,2021-07-13,2021-07-19,1
20210706,CONUS,42.48,57.52,47.27,36.69,22.71,9.49,2021-07-06,2021-07-12,1
20210629,CONUS,41.48,58.52,47.19,35.71,22.74,9.71,2021-06-29,2021-07-05,1
20210622,CONUS,39.32,60.68,47.67,34.72,21.82,9.87,2021-06-22,2021-06-28,1
20210615,CONUS,39.88,60.12,46.01,32.92,21.43,9.89,2021-06-15,2021-06-21,1
20210608,CONUS,38.79,61.21,45.22,32.04,21.26,9.89,2021-06-08,2021-06-14,1
20210601,CONUS,41.00,59.00,43.70,30.48,20.99,9.77,2021-06-01,2021-06-07,1
20210525,CONUS,38.64,61.36,43.42,30.16,21.25,10.23,2021-05-25,2021-05-31,1
20210518,CONUS,40.31,59.69,44.22,31.04,21.89,9.71,2021-05-18,2021-05-24,1
20210511,CONUS,38.85,61.15,46.16,31.89,22.50,9.54,2021-05-11,2021-05-17,1
20210504,CONUS,34.36,65.64,46.55,32.24,22.56,9.04,2021-05-04,2021-05-10,1
20210427,CONUS,31.73,68.27,48.37,32.48,21.72,9.22,2021-04-27,2021-05-03,1
20210420,CONUS,35.32,64.68,47.27,31.82,21.14,9.09,2021-04-20,2021-04-26,1
20210413,CONUS,37.45,62.55,45.50,31.31,20.86,9.06,2021-04-13,2021-04-19,1
20210406,CONUS,35.64,64.36,45.05,30.70,20.24,8.92,2021-04-06,2021-04-12,1
20210330,CONUS,36.59,63.41,43.92,29.62,18.69,8.71,2021-03-30,2021-04-05,1
20210323,CONUS,35.79,64.21,43.56,29.83,18.06,8.74,2021-03-23,2021-03-29,1
20210316,CONUS,34.15,65.85,44.14,30.05,17.76,8.56,2021-03-16,2021-03-22,1
20210309,CONUS,33.46,66.54,46.71,31.61,18.57,8.58,2021-03-09,2021-03-15,1
20210302,CONUS,38.33,61.67,46.58,30.93,18.62,8.50,2021-03-02,2021-03-08,1
20210223,CONUS,36.10,63.90,45.56,30.85,18.66,8.44,2021-02-23,2021-03-01,1
20210216,CONUS,35.54,64.46,45.19,30.17,19.02,8.14,2021-02-16,2021-02-22,1
20210209,CONUS,35.32,64.68,45.93,31.28,20.38,8.79,2021-02-09,2021-02-15,1
20210202,CONUS,35.64,64.36,45.78,31.48,20.39,8.78,2021-02-02,2021-02-08,1
20210126,CONUS,37.68,62.32,46.03,32.51,21.11,8.96,2021-01-26,2021-02-01,1
20210119,CONUS,36.53,63.47,45.01,32.43,21.26,9.36,2021-01-19,2021-01-25,1
20210112,CONUS,38.24,61.76,44.86,32.50,21.16,9.26,2021-01-12,2021-01-18,1
20210105,CONUS,38.40,61.60,45.76,32.89,21.10,9.46,2021-01-05,2021-01-11,1
20201229,CONUS,33.59,66.41,48.99,34.22,22.21,9.89,2020-12-29,2021-01-04,1
20201222,CONUS,32.97,67.03,49.59,34.20,22.21,9.89,2020-12-22,2020-12-28,1
20201215,CONUS,33.03,66.97,49.34,34.11,22.03,9.89,2020-12-15,2020-12-21,1
20201208,CONUS,32.59,67.41,49.10,33.48,21.10,9.90,2020-12-08,2020-12-14,1
20201201,CONUS,33.15,66.85,48.04,31.90,21.02,9.87,2020-12-01,2020-12-07,1
20201124,CONUS,32.59,67.41,48.62,32.03,20.38,8.52,2020-11-24,2020-11-30,1
20201117,CONUS,35.37,64.63,47.30,30.79,18.83,5.65,2020-11-17,2020-11-23,1
20201110,CONUS,35.55,64.45,45.91,30.05,18.80,4.06,2020-11-10,2020-11-16,1
20201103,CONUS,37.63,62.37,45.10,28.90,17.76,2.85,2020-11-03,2020-11-09,1
20201027,CONUS,35.58,64.42,46.09,29.85,18.02,2.82,2020-10-27,2020-11-02,1
20201020,CONUS,34.04,65.96,47.03,29.50,18.22,2.82,2020-10-20,2020-10-26,1
20201013,CONUS,35.18,64.82,46.75,29.86,16.84,2.07,2020-10-13,2020-10-19,1
20201006,CONUS,37.12,62.88,44.27,29.05,15.95,2.07,2020-10-06,2020-10-12,1
20200929,CONUS,38.05,61.95,42.60,27.37,14.63,1.20,2020-09-29,2020-10-05,1
20200922,CONUS,41.48,58.52,39.65,25.96,12.77,0.58,2020-09-22,2020-09-28,1
20200915,CONUS,42.48,57.52,38.87,25.12,11.54,0.43,2020-09-15,2020-09-21,1
20200908,CONUS,42.92,57.08,38.70,25.14,11.71,0.16,2020-09-08,2020-09-14,1
20200901,CONUS,42.54,57.46,39.41,24.75,8.61,0.10,2020-09-01,2020-09-07,1
20200825,CONUS,42.38,57.62,39.15,24.00,7.89,0.08,2020-08-25,2020-08-31,1
20200818,CONUS,45.99,54.01,36.65,20.11,4.40,0.03,2020-08-18,2020-08-24,1
20200811,CONUS,47.09,52.91,34.40,16.00,3.84,0.00,2020-08-11,2020-08-17,1
20200804,CONUS,45.99,54.01,33.47,15.17,3.15,0.00,2020-08-04,2020-08-10,1
20200728,CONUS,43.97,56.03,32.72,14.07,2.91,0.00,2020-07-28,2020-08-03,1
20200721,CONUS,44.37,55.63,31.39,12.28,2.60,0.00,2020-07-21,2020-07-27,1
20200714,CONUS,48.60,51.40,27.46,11.57,2.75,0.00,2020-07-14,2020-07-20,1
20200707,CONUS,51.49,48.51,25.77,10.98,2.35,0.00,2020-07-07,2020-07-13,1
20200630,CONUS,54.57,45.43,25.52,10.51,2.49,0.08,2020-06-30,2020-07-06,1
20200623,CONUS,55.25,44.75,25.45,9.85,2.28,0.00,2020-06-23,2020-06-29,1
20200616,CONUS,56.26,43.74,23.36,9.91,2.28,0.00,2020-06-16,2020-06-22,1
20200609,CONUS,61.38,38.62,21.28,8.42,1.79,0.00,2020-06-09,2020-06-15,1
20200602,CONUS,64.11,35.89,19.90,7.72,1.28,0.00,2020-06-02,2020-06-08,1
20200526,CONUS,65.65,34.35,18.51,7.18,1.24,0.00,2020-05-26,2020-06-01,1
20200519,CONUS,64.46,35.54,18.90,7.31,1.30,0.00,2020-05-19,2020-05-25,1
20200512,CONUS,65.69,34.31,17.42,7.10,1.21,0.00,2020-05-12,2020-05-18,1
20200505,CONUS,69.23,30.77,16.09,6.27,0.97,0.00,2020-05-05,2020-05-11,1
20200428,CONUS,71.30,28.70,14.75,5.65,0.46,0.00,2020-04-28,2020-05-04,1
20200421,CONUS,73.08,26.92,14.69,5.64,0.49,0.00,2020-04-21,2020-04-27,1
20200414,CONUS,74.42,25.58,14.52,4.34,0.16,0.01,2020-04-14,2020-04-20,1
20200407,CONUS,74.48,25.52,14.87,2.85,0.22,0.01,2020-04-07,2020-04-13,1
20200331,CONUS,74.79,25.21,14.54,3.04,0.48,0.03,2020-03-31,2020-04-06,1
20200324,CONUS,74.94,25.06,11.84,2.83,0.39,0.03,2020-03-24,2020-03-30,1
20200317,CONUS,75.09,24.91,12.60,2.90,0.61,0.03,2020-03-17,2020-03-23,1
20200310,CONUS,75.71,24.29,12.86,2.60,0.52,0.00,2020-03-10,2020-03-16,1
20200303,CONUS,76.21,23.79,11.52,2.51,0.52,0.00,2020-03-03,2020-03-09,1
20200225,CONUS,76.98,23.02,10.17,2.25,0.23,0.00,2020-02-25,2020-03-02,1
20200218,CONUS,76.49,23.51,9.56,2.49,0.23,0.00,2020-02-18,2020-02-24,1
20200211,CONUS,75.85,24.15,10.60,2.57,0.17,0.00,2020-02-11,2020-02-17,1
20200204,CONUS,74.30,25.70,10.61,2.46,0.07,0.00,2020-02-04,2020-02-10,1
20200128,CONUS,73.32,26.68,11.00,2.39,0.05,0.00,2020-01-28,2020-02-03,1
20200121,CONUS,75.13,24.87,11.47,3.38,0.07,0.00,2020-01-21,2020-01-27,1
20200114,CONUS,76.70,23.30,10.73,3.12,0.11,0.00,2020-01-14,2020-01-20,1
20200107,CONUS,75.94,24.06,11.19,3.22,0.12,0.00,2020-01-07,2020-01-13,1
20191231,CONUS,75.80,24.20,11.20,3.82,0.06,0.00,2019-12-31,2020-01-06,1
20191224,CONUS,74.37,25.63,12.30,4.18,0.10,0.00,2019-12-24,2019-12-30,1
20191217,CONUS,72.94,27.06,12.64,4.07,0.10,0.00,2019-12-17,2019-12-23,1
20191210,CONUS,72.04,27.96,11.11,4.45,0.10,0.00,2019-12-10,2019-12-16,1
20191203,CONUS,68.16,31.84,11.65,4.59,0.10,0.00,2019-12-03,2019-12-09,1
20191126,CONUS,67.05,32.95,14.10,5.72,0.19,0.00,2019-11-26,2019-12-02,1
20191119,CONUS,70.31,29.69,14.41,5.78,0.19,0.00,2019-11-19,2019-11-25,1
20191112,CONUS,70.09,29.91,14.67,5.88,0.05,0.00,2019-11-12,2019-11-18,1
20191105,CONUS,72.05,27.95,15.66,6.30,0.53,0.00,2019-11-05,2019-11-11,1
20191029,CONUS,66.24,33.76,17.86,7.38,0.51,0.00,2019-10-29,2019-11-04,1
20191022,CONUS,62.69,37.31,21.01,8.51,0.92,0.00,2019-10-22,2019-10-28,1
20191015,CONUS,60.22,39.78,21.19,9.16,1.48,0.00,2019-10-15,2019-10-21,1
20191008,CONUS,63.19,36.81,20.40,7.57,1.20,0.00,2019-10-08,2019-10-14,1
20191001,CONUS,60.59,39.41,19.28,5.95,0.79,0.00,2019-10-01,2019-10-07,1
20190924,CONUS,60.99,39.01,17.37,3.92,0.31,0.00,2019-09-24,2019-09-30,1
20190917,CONUS,65.80,34.20,14.06,3.52,0.32,0.00,2019-09-17,2019-09-23,1
20190910,CONUS,68.97,31.03,13.58,2.81,0.31,0.00,2019-09-10,2019-09-16,1
20190903,CONUS,70.46,29.54,10.04,1.47,0.20,0.00,2019-09-03,2019-09-09,1
20190827,CONUS,72.16,27.84,9.07,1.43,0.17,0.00,2019-08-27,2019-09-02,1
20190820,CONUS,73.60,26.40,7.28,1.23,0.05,0.00,2019-08-20,2019-08-26,1
20190813,CONUS,75.82,24.18,6.20,0.89,0.02,0.00,2019-08-13,2019-08-19,1
20190806,CONUS,81.02,18.98,4.38,0.55,0.00,0.00,2019-08-06,2019-08-12,1
20190730,CONUS,86.35,13.65,3.47,0.42,0.00,0.00,2019-07-30,2019-08-05,1
20190723,CONUS,89.15,10.85,3.04,0.45,0.00,0.00,2019-07-23,2019-07-29,1
20190716,CONUS,90.21,9.79,3.09,0.62,0.00,0.00,2019-07-16,2019-07-22,1
20190709,CONUS,89.17,10.83,3.23,0.63,0.00,0.00,2019-07-09,2019-07-15,1
20190702,CONUS,90.04,9.96,3.22,0.59,0.00,0.00,2019-07-02,2019-07-08,1
20190625,CONUS,89.90,10.10,3.30,0.65,0.00,0.00,2019-06-25,2019-07-01,1
20190618,CONUS,89.27,10.73,4.09,0.59,0.00,0.00,2019-06-18,2019-06-24,1
20190611,CONUS,89.42,10.58,4.12,0.31,0.00,0.00,2019-06-11,2019-06-17,1
20190604,CONUS,87.08,12.92,5.28,0.51,0.00,0.00,2019-06-04,2019-06-10,1
20190528,CONUS,87.90,12.10,3.31,0.00,0.00,0.00,2019-05-28,2019-06-03,1
20190521,CONUS,90.62,9.38,2.59,0.00,0.00,0.00,2019-05-21,2019-05-27,1
20190514,CONUS,91.16,8.84,2.40,0.04,0.00,0.00,2019-05-14,2019-05-20,1
20190507,CONUS,90.17,9.83,2.53,0.05,0.00,0.00,2019-05-07,2019-05-13,1
20190430,CONUS,88.88,11.12,2.33,0.27,0.00,0.00,2019-04-30,2019-05-06,1
20190423,CONUS,87.65,12.35,2.28,0.27,0.00,0.00,2019-04-23,2019-04-29,1
20190416,CONUS,85.88,14.12,3.73,0.65,0.00,0.00,2019-04-16,2019-04-22,1
20190409,CONUS,81.91,18.09,4.36,0.65,0.00,0.00,2019-04-09,2019-04-15,1
20190402,CONUS,79.37,20.63,5.73,0.88,0.00,0.00,2019-04-02,2019-04-08,1
20190326,CONUS,81.65,18.35,4.85,0.86,0.00,0.00,2019-03-26,2019-04-01,1
20190319,CONUS,81.23,18.77,4.78,1.17,0.33,0.00,2019-03-19,2019-03-25,1
20190312,CONUS,78.01,21.99,6.46,1.75,0.53,0.04,2019-03-12,2019-03-18,1
20190305,CONUS,73.56,26.44,11.72,2.80,0.53,0.04,2019-03-05,2019-03-11,1
20190226,CONUS,73.32,26.68,11.92,3.85,0.55,0.04,2019-02-26,2019-03-04,1
20190219,CONUS,70.16,29.84,15.10,5.79,1.33,0.06,2019-02-19,2019-02-25,1
20190212,CONUS,67.83,32.17,15.61,6.24,1.91,0.06,2019-02-12,2019-02-18,1
20190205,CONUS,69.83,30.17,15.71,6.74,1.92,0.16,2019-02-05,2019-02-11,1
20190129,CONUS,70.20,29.80,16.53,6.75,1.92,0.15,2019-01-29,2019-02-04,1
20190122,CONUS,68.89,31.11,19.91,8.06,1.97,0.15,2019-01-22,2019-01-28,1
20190115,CONUS,68.52,31.48,21.59,10.02,3.09,1.11,2019-01-15,2019-01-21,1
20190108,CONUS,69.56,30.44,21.56,10.50,3.15,1.11,2019-01-08,2019-01-14,1
20190101,CONUS,69.05,30.95,21.90,10.73,3.29,1.14,2019-01-01,2019-01-07,1
20181225,CONUS,66.00,34.00,22.50,10.98,3.35,1.15,2018-12-25,2018-12-31,1
20181218,CONUS,66.85,33.15,22.72,11.20,3.72,1.15,2018-12-18,2018-12-24,1
20181211,CONUS,67.16,32.84,22.69,11.20,3.75,1.17,2018-12-11,2018-12-17,1
20181204,CONUS,67.45,32.55,22.18,11.34,3.79,1.17,2018-12-04,2018-12-10,1
20181127,CONUS,65.97,34.03,22.87,11.42,4.28,1.32,2018-11-27,2018-12-03,1
20181120,CONUS,66.39,33.61,22.41,11.46,4.30,1.32,2018-11-20,2018-11-26,1
20181113,CONUS,64.86,35.14,20.94,11.56,4.28,1.32,2018-11-13,2018-11-19,1
20181106,CONUS,64.33,35.67,21.24,11.82,4.32,1.34,2018-11-06,2018-11-12,1
20181030,CONUS,63.41,36.59,22.00,12.56,4.65,1.35,2018-10-30,2018-11-05,1
20181023,CONUS,61.87,38.13,23.91,13.23,4.80,1.35,2018-10-23,2018-10-29,1
20181016,CONUS,61.65,38.35,24.05,13.51,4.95,1.35,2018-10-16,2018-10-22,1
20181009,CONUS,56.69,43.31,26.19,14.41,5.65,1.45,2018-10-09,2018-10-15,1
20181002,CONUS,52.64,47.36,28.96,17.03,7.27,1.73,2018-10-02,2018-10-08,1
20180925,CONUS,51.36,48.64,29.54,17.46,7.49,1.73,2018-09-25,2018-10-01,1
20180918,CONUS,49.67,50.33,30.85,16.94,7.22,1.58,2018-09-18,2018-09-24,1
20180911,CONUS,49.57,50.43,30.39,16.70,6.88,1.48,2018-09-11,2018-09-17,1
20180904,CONUS,46.25,53.75,34.30,18.86,7.55,1.48,2018-09-04,2018-09-10,1
20180828,CONUS,44.11,55.89,34.42,19.37,7.50,1.55,2018-08-28,2018-09-03,1
20180821,CONUS,42.73,57.27,35.09,19.11,7.54,1.60,2018-08-21,2018-08-27,1
20180814,CONUS,42.07,57.93,36.22,20.02,8.13,1.70,2018-08-14,2018-08-20,1
20180807,CONUS,45.92,54.08,35.66,21.06,8.93,1.62,2018-08-07,2018-08-13,1
20180731,CONUS,45.57,54.43,34.14,19.41,8.51,1.61,2018-07-31,2018-08-06,1
20180724,CONUS,46.48,53.52,32.23,19.32,8.65,1.62,2018-07-24,2018-07-30,1
20180717,CONUS,49.93,50.07,30.98,16.78,8.63,1.88,2018-07-17,2018-07-23,1
20180710,CONUS,51.44,48.56,30.37,16.46,8.83,1.90,2018-07-10,2018-07-16,1
20180703,CONUS,50.99,49.01,29.72,16.64,8.33,1.88,2018-07-03,2018-07-09,1
20180626,CONUS,51.31,48.69,28.79,15.93,8.28,1.84,2018-06-26,2018-07-02,1
20180619,CONUS,52.88,47.12,27.13,16.54,8.23,1.83,2018-06-19,2018-06-25,1
20180612,CONUS,52.32,47.68,27.86,16.97,9.25,1.98,2018-06-12,2018-06-18,1
20180605,CONUS,53.71,46.29,27.09,17.07,9.17,2.05,2018-06-05,2018-06-11,1
20180529,CONUS,57.44,42.56,26.42,16.92,9.24,2.09,2018-05-29,2018-06-04,1
20180522,CONUS,56.67,43.33,26.72,16.84,9.40,2.40,2018-05-22,2018-05-28,1
20180515,CONUS,54.36,45.64,28.28,16.71,9.50,2.47,2018-05-15,2018-05-21,1
20180508,CONUS,55.56,44.44,27.67,15.93,9.32,2.31,2018-05-08,2018-05-14,1
20180501,CONUS,57.24,42.76,28.60,16.32,8.89,2.21,2018-05-01,2018-05-07,1
20180424,CONUS,57.51,42.49,28.99,16.35,8.50,1.97,2018-04-24,2018-04-30,1
20180417,CONUS,57.18,42.82,28.85,16.33,8.18,1.71,2018-04-17,2018-04-23,1
20180410,CONUS,53.49,46.51,29.69,16.69,8.11,1.32,2018-04-10,2018-04-16,1
20180403,CONUS,52.45,47.55,29.42,16.37,7.59,0.60,2018-04-03,2018-04-09,1
20180327,CONUS,50.79,49.21,30.77,16.36,7.26,0.55,2018-03-27,2018-04-02,1
20180320,CONUS,50.04,49.96,31.02,16.69,6.42,0.20,2018-03-20,2018-03-26,1
20180313,CONUS,47.90,52.10,31.04,16.31,5.67,0.20,2018-03-13,2018-03-19,1
20180306,CONUS,47.53,52.47,30.55,15.50,4.94,0.12,2018-03-06,2018-03-12,1
20180227,CONUS,45.34,54.66,31.30,14.32,3.22,0.00,2018-02-27,2018-03-05,1
20180220,CONUS,40.71,59.29,36.49,17.76,3.22,0.00,2018-02-20,2018-02-26,1
20180213,CONUS,39.50,60.50,36.34,18.04,2.96,0.00,2018-02-13,2018-02-19,1
20180206,CONUS,33.05,66.95,39.65,18.44,2.60,0.00,2018-02-06,2018-02-12,1
20180130,CONUS,32.90,67.10,38.42,17.21,1.72,0.00,2018-01-30,2018-02-05,1
20180123,CONUS,37.55,62.45,35.39,13.60,0.90,0.00,2018-01-23,2018-01-29,1
20180116,CONUS,39.07,60.93,33.04,10.03,0.64,0.00,2018-01-16,2018-01-22,1
20180109,CONUS,42.19,57.81,32.07,8.70,0.46,0.00,2018-01-09,2018-01-15,1
20180102,CONUS,44.46,55.54,27.70,7.46,0.83,0.00,2018-01-02,2018-01-08,1
20171226,CONUS,45.31,54.69,26.37,4.95,0.83,0.00,2017-12-26,2018-01-01,1
20171219,CONUS,43.26,56.74,26.18,6.97,1.28,0.00,2017-12-19,2017-12-25,1
20171212,CONUS,45.08,54.92,23.85,6.49,1.78,0.00,2017-12-12,2017-12-18,1
20171205,CONUS,52.38,47.62,24.31,5.99,1.23,0.00,2017-12-05,2017-12-11,1
20171128,CONUS,57.34,42.66,21.14,4.88,1.03,0.00,2017-11-28,2017-12-04,1
20171121,CONUS,63.18,36.82,15.40,4.14,0.75,0.00,2017-11-21,2017-11-27,1
20171114,CONUS,64.97,35.03,13.06,3.52,0.75,0.00,2017-11-14,2017-11-20,1
20171107,CONUS,67.18,32.82,11.96,2.90,0.75,0.00,2017-11-07,2017-11-13,1
20171031,CONUS,66.47,33.53,11.95,2.67,0.88,0.00,2017-10-31,2017-11-06,1
20171024,CONUS,63.64,36.36,11.96,2.58,0.88,0.00,2017-10-24,2017-10-30,1
20171017,CONUS,62.25,37.75,12.49,2.98,0.82,0.00,2017-10-17,2017-10-23,1
20171010,CONUS,61.93,38.07,14.12,4.03,1.06,0.27,2017-10-10,2017-10-16,1
20171003,CONUS,61.15,38.85,14.36,4.73,1.39,0.50,2017-10-03,2017-10-09,1
20170926,CONUS,63.07,36.93,13.82,4.99,2.36,0.87,2017-09-26,2017-10-02,1
20170919,CONUS,63.13,36.87,15.51,5.60,2.39,0.87,2017-09-19,2017-09-25,1
20170912,CONUS,66.26,33.74,16.09,6.24,3.13,1.28,2017-09-12,2017-09-18,1
20170905,CONUS,69.91,30.09,13.54,5.93,2.82,1.28,2017-09-05,2017-09-11,1
20170829,CONUS,71.43,28.57,11.82,5.74,2.65,1.21,2017-08-29,2017-09-04,1
20170822,CONUS,72.57,27.43,12.08,5.49,2.43,0.59,2017-08-22,2017-08-28,1
20170815,CONUS,71.95,28.05,11.31,5.33,2.45,0.70,2017-08-15,2017-08-21,1
20170808,CONUS,70.23,29.77,11.24,5.38,2.37,0.76,2017-08-08,2017-08-14,1
20170801,CONUS,69.48,30.52,11.77,5.23,2.60,0.76,2017-08-01,2017-08-07,1
20170725,CONUS,67.30,32.70,10.98,5.18,2.62,0.76,2017-07-25,2017-07-31,1
20170718,CONUS,70.67,29.33,10.58,4.77,2.31,0.22,2017-07-18,2017-07-24,1
20170711,CONUS,76.90,23.10,9.60,4.31,2.19,0.00,2017-07-11,2017-07-17,1
20170704,CONUS,77.65,22.35,8.45,3.83,1.43,0.00,2017-07-04,2017-07-10,1
20170627,CONUS,78.40,21.60,8.04,3.26,0.97,0.00,2017-06-27,2017-07-03,1
20170620,CONUS,80.50,19.50,6.99,2.13,0.55,0.00,2017-06-20,2017-06-26,1
20170613,CONUS,79.99,20.01,7.27,1.57,0.00,0.00,2017-06-13,2017-06-19,1
20170606,CONUS,83.04,16.96,7.80,1.25,0.00,0.00,2017-06-06,2017-06-12,1
20170530,CONUS,81.70,18.30,5.28,1.12,0.28,0.00,2017-05-30,2017-06-05,1
20170523,CONUS,85.73,14.27,4.52,1.22,0.41,0.00,2017-05-23,2017-05-29,1
20170516,CONUS,83.43,16.57,5.61,1.38,0.43,0.00,2017-05-16,2017-05-22,1
20170509,CONUS,84.89,15.11,5.22,1.30,0.28,0.00,2017-05-09,2017-05-15,1
20170502,CONUS,85.70,14.30,4.98,1.30,0.13,0.00,2017-05-02,2017-05-08,1
20170425,CONUS,78.33,21.67,6.11,1.07,0.03,0.00,2017-04-25,2017-05-01,1
20170418,CONUS,73.05,26.95,8.20,1.44,0.09,0.00,2017-04-18,2017-04-24,1
20170411,CONUS,73.01,26.99,8.17,1.43,0.09,0.00,2017-04-11,2017-04-17,1
20170404,CONUS,70.28,29.72,9.83,1.50,0.10,0.00,2017-04-04,2017-04-10,1
20170328,CONUS,64.42,35.58,14.20,2.82,0.21,0.00,2017-03-28,2017-04-03,1
20170321,CONUS,63.79,36.21,15.97,3.74,0.43,0.00,2017-03-21,2017-03-27,1
20170314,CONUS,68.14,31.86,15.21,3.95,0.49,0.00,2017-03-14,2017-03-20,1
20170307,CONUS,67.23,32.77,14.93,4.00,0.53,0.00,2017-03-07,2017-03-13,1
20170228,CONUS,66.29,33.71,14.07,3.68,0.49,0.00,2017-02-28,2017-03-06,1
20170221,CONUS,68.47,31.53,13.77,3.31,0.34,0.00,2017-02-21,2017-02-27,1
20170214,CONUS,68.27,31.73,13.54,3.17,0.35,0.00,2017-02-14,2017-02-20,1
20170207,CONUS,69.00,31.00,14.26,3.40,0.34,0.00,2017-02-07,2017-02-13,1
20170131,CONUS,68.03,31.97,14.54,3.83,0.41,0.00,2017-01-31,2017-02-06,1
20170124,CONUS,67.20,32.80,16.12,4.45,0.44,0.00,2017-01-24,2017-01-30,1
20170117,CONUS,60.50,39.50,19.26,6.77,2.39,0.11,2017-01-17,2017-01-23,1
20170110,CONUS,58.35,41.65,20.83,7.96,2.61,0.11,2017-01-10,2017-01-16,1
20170103,CONUS,53.90,46.10,22.53,8.63,3.15,0.96,2017-01-03,2017-01-09,1
20161227,CONUS,49.19,50.81,24.04,10.09,4.53,1.81,2016-12-27,2017-01-02,1
20161220,CONUS,45.19,54.81,28.16,10.60,4.58,1.89,2016-12-20,2016-12-26,1
20161213,CONUS,45.78,54.22,29.82,12.89,5.02,1.99,2016-12-13,2016-12-19,1
20161206,CONUS,45.17,54.83,30.38,13.97,5.30,1.99,2016-12-06,2016-12-12,1
20161129,CONUS,43.69,56.31,31.46,16.60,8.66,2.68,2016-11-29,2016-12-05,1
20161122,CONUS,45.00,55.00,31.14,17.07,8.26,2.73,2016-11-22,2016-11-28,1
20161115,CONUS,48.01,51.99,30.13,14.44,6.40,2.36,2016-11-15,2016-11-21,1
20161108,CONUS,51.09,48.91,27.36,11.38,4.96,1.91,2016-11-08,2016-11-14,1
20161101,CONUS,52.28,47.72,26.79,10.95,4.86,1.71,2016-11-01,2016-11-07,1
20161025,CONUS,55.68,44.32,23.92,10.25,4.08,1.54,2016-10-25,2016-10-31,1
20161018,CONUS,55.61,44.39,22.10,9.66,3.87,1.31,2016-10-18,2016-10-24,1
20161011,CONUS,55.39,44.61,20.13,8.68,3.45,1.26,2016-10-11,2016-10-17,1
20161004,CONUS,56.19,43.81,19.43,8.36,3.14,1.17,2016-10-04,2016-10-10,1
20160927,CONUS,53.60,46.40,18.96,8.10,3.20,1.16,2016-09-27,2016-10-03,1
20160920,CONUS,54.97,45.03,18.82,7.76,2.94,1.11,2016-09-20,2016-09-26,1
20160913,CONUS,55.80,44.20,18.34,7.72,2.86,1.11,2016-09-13,2016-09-19,1
20160906,CONUS,55.82,44.18,19.09,7.35,2.73,1.11,2016-09-06,2016-09-12,1
20160830,CONUS,54.92,45.08,19.51,7.26,2.70,1.11,2016-08-30,2016-09-05,1
20160823,CONUS,54.63,45.37,19.41,7.41,2.70,1.11,2016-08-23,2016-08-29,1
20160816,CONUS,52.72,47.28,19.86,7.71,2.91,1.11,2016-08-16,2016-08-22,1
20160809,CONUS,48.33,51.67,21.79,8.20,2.82,1.11,2016-08-09,2016-08-15,1
20160802,CONUS,49.86,50.14,21.12,7.28,2.89,1.11,2016-08-02,2016-08-08,1
20160726,CONUS,49.07,50.93,20.75,7.13,2.92,1.11,2016-07-26,2016-08-01,1
20160719,CONUS,52.34,47.66,18.79,6.78,2.85,1.11,2016-07-19,2016-07-25,1
20160712,CONUS,55.60,44.40,17.68,6.19,2.57,1.11,2016-07-12,2016-07-18,1
20160705,CONUS,55.76,44.24,17.77,6.03,2.51,1.11,2016-07-05,2016-07-11,1
20160628,CONUS,56.61,43.39,16.18,5.43,2.36,1.11,2016-06-28,2016-07-04,1
20160621,CONUS,58.77,41.23,14.80,5.05,2.26,1.11,2016-06-21,2016-06-27,1
20160614,CONUS,60.89,39.11,13.77,4.76,2.26,1.11,2016-06-14,2016-06-20,1
20160607,CONUS,65.17,34.83,13.24,4.48,2.45,1.11,2016-06-07,2016-06-13,1
20160531,CONUS,68.18,31.82,12.73,4.18,2.46,1.11,2016-05-31,2016-06-06,1
20160524,CONUS,68.84,31.16,13.61,4.33,2.46,1.11,2016-05-24,2016-05-30,1
20160517,CONUS,71.03,28.97,13.88,4.79,2.46,1.11,2016-05-17,2016-05-23,1
20160510,CONUS,69.58,30.42,14.59,5.29,3.37,1.11,2016-05-10,2016-05-16,1
20160503,CONUS,66.10,33.90,14.56,5.46,3.44,1.11,2016-05-03,2016-05-09,1
20160426,CONUS,60.36,39.64,15.38,5.89,3.44,1.11,2016-04-26,2016-05-02,1
20160419,CONUS,60.72,39.28,15.44,5.94,3.44,1.11,2016-04-19,2016-04-25,1
20160412,CONUS,60.80,39.20,17.75,6.10,3.76,1.71,2016-04-12,2016-04-18,1
20160405,CONUS,62.13,37.87,16.71,5.95,3.76,1.71,2016-04-05,2016-04-11,1
20160329,CONUS,61.10,38.90,15.09,5.85,3.76,1.87,2016-03-29,2016-04-04,1
20160322,CONUS,65.25,34.75,14.29,6.07,3.76,1.87,2016-03-22,2016-03-28,1
20160315,CONUS,66.50,33.50,12.41,6.46,3.76,1.87,2016-03-15,2016-03-21,1
20160308,CONUS,64.59,35.41,12.43,7.41,4.05,2.19,2016-03-08,2016-03-14,1
20160301,CONUS,68.02,31.98,14.30,7.77,4.05,2.19,2016-03-01,2016-03-07,1
20160223,CONUS,70.10,29.90,14.62,7.77,4.05,2.19,2016-02-23,2016-02-29,1
20160216,CONUS,67.75,32.25,15.05,7.73,4.08,2.19,2016-02-16,2016-02-22,1
20160209,CONUS,70.81,29.19,14.97,7.85,4.25,2.19,2016-02-09,2016-02-15,1
20160202,CONUS,71.08,28.92,15.48,8.44,4.61,2.25,2016-02-02,2016-02-08,1
